EIP5301,1
EIP5302,1
EIP5303,1
EIP5304,1
EIP5305,1
EIP5306,1
EIP5307,1
EIP5308,1
EIP5309,1
EIP5310,1
EIP5311,1
EIP5312,1
EIP5313,1
EIP5314,1
EIP5315,1
EIP5316,1
EIP5317,1
EIP5318,1
EIP5319,1
EIP5320,1
EIP5321,1
EIP5322,1
EIP5323,1
EIP5324,1
EIP5325,1
EIP5326,1
EIP5327,1
EIP5328,1
EIP5329,1
EIP5330,1
EIP5331,1
EIP5332,1
EIP5333,1
EIP5334,1
EIP5335,1
EIP5336,1
EIP5337,1
EIP5338,1
EIP5339,1
EIP5340,1
EIP5341,1
EIP5342,1
EIP5343,1
EIP5344,1
EIP5345,1
EIP5346,1
EIP5347,1
EIP5348,1
EIP5349,1
EIP5350,1
EIP5351,1
EIP5352,1
EIP5353,1
EIP5354,1
EIP5355,1
EIP5356,1
EIP5357,1
EIP5358,1
EIP5359,1
EIP5360,1
EIP5361,1
EIP5362,1
EIP5363,1
EIP5364,1
EIC5201,2
EIC5202,2
EIC5203,2
EIC5204,2
EIC5205,2
EIC5206,2
EIC5207,2
EIC5208,2
EIC5209,2
EIC5210,2
EIC5211,2
EIC5212,2
EIC5213,2
EIC5214,2
EIC5215,2
EIC5216,2
EIC5217,2
EIC5218,2
EIC5219,2
EIC5220,2
EIC5221,2
EIC5222,2
EIC5223,2
EIC5224,2
EIC5225,2
EIC5226,2
EIC5227,2
EIC5228,2
EIC5229,2
EIC5230,2
EIC5231,2
EIC5232,2
EIC5233,2
EIC5234,2
EIC5235,2
EIC5236,2
EIC5237,2
EIC5238,2
EIC5239,2
EIC5240,2
EIC5241,2
EIC5242,2
EIC5243,2
EIC5244,2
EIC5245,2
EIC5246,2
EIC5247,2
EIC5248,2
EIC5249,2
EIC5250,2
EIC5251,2
EIC5252,2
EIC5253,2
EIC5254,2
EIC5255,2
EIC5256,2
EIC5257,2
EIC5258,2
EIC5259,2
EIC5260,2
EIC5261,2
EIC5262,2
EIC5263,2
EIC5264,2
IC5101,3
IC5102,3
IC5103,3
IC5104,3
IC5105,3
IC5106,3
IC5107,3
IC5108,3
IC5109,3
IC5110,3
IC5111,3
IC5112,3
IC5113,3
IC5114,3
IC5115,3
IC5116,3
IC5117,3
IC5118,3
IC5119,3
IC5120,3
IC5121,3
IC5122,3
IC5123,3
IC5124,3
IC5125,3
IC5126,3
IC5127,3
IC5128,3
IC5129,3
IC5130,3
IC5131,3
IC5132,3
IC5133,3
IC5134,3
IC5135,3
IC5136,3
IC5137,3
IC5138,3
IC5139,3
IC5140,3
IC5141,3
IC5142,3
IC5143,3
IC5144,3
IC5145,3
IC5146,3
IC5147,3
IC5148,3
IC5149,3
IC5150,3
IC5151,3
IC5152,3
IC5153,3
IC5154,3
IC5155,3
IC5156,3
IC5157,3
IC5158,3
IC5159,3
IC5160,3
IC5161,3
IC5162,3
IC5163,3
IC5164,3
TLK83001,4
TLK83002,4
TLK83003,4
TLK83004,4
TLK83005,4
TLK83006,4
TLK83007,4
TLK83008,4
TLK83009,4
TLK83010,4
TLK83011,4
TLK83012,4
TLK83013,4
TLK83014,4
TLK83015,4
TLK83016,4
TLK83017,4
TLK83018,4
TLK83019,4
TLK83020,4
TLK83021,4
TLK83022,4
TLK83023,4
TLK83024,4
TLK83025,4
TLK83026,4
TLK83027,4
TLK83028,4
TLK83029,4
TLK83030,4
TLK83031,4
TLK83032,4
TLK83033,4
TLK83034,4
TLK83035,4
TLK83036,4
TLK83037,4
TLK83038,4
TLK83039,4
TLK83040,4
TLK83041,4
TLK83042,4
TLK83043,4
TLK83044,4
TLK83045,4
TLK83046,4
TLK83047,4
TLK83048,4
TLK83049,4
TLK83050,4
TLK83051,4
TLK83052,4
TLK83053,4
TLK83054,4
TLK83055,4
TLK83056,4
TLK83057,4
TLK83058,4
TLK83059,4
TLK83060,4
TLK83061,4
TLK83062,4
TLK83063,4
TLK83064,4