,20220120,2022,1,20,January
,20220121,2022,1,21,January
,20220122,2022,1,22,January
,20220123,2022,1,23,January
,20220124,2022,1,24,January
,20220125,2022,1,25,January
,20220126,2022,1,26,January
,20220127,2022,1,27,January
,20220128,2022,1,28,January
,20220129,2022,1,29,January
,20220130,2022,1,30,January
,20220201,2022,2,1,February
,20220202,2022,2,2,February
,20220203,2022,2,3,February
,20220204,2022,2,4,February
,20220205,2022,2,5,February
,20220206,2022,2,6,February
,20220207,2022,2,7,February
,20220208,2022,2,8,February
,20220209,2022,2,9,February
,20220210,2022,2,10,February
,20220211,2022,2,11,February
,20220212,2022,2,12,February
,20220213,2022,2,13,February
,20220214,2022,2,14,February
,20220215,2022,2,15,February
,20220216,2022,2,16,February
,20220217,2022,2,17,February
,20220218,2022,2,18,February
,20220219,2022,2,19,February
,20220220,2022,2,20,February
,20220221,2022,2,21,February
,20220222,2022,2,22,February
,20220223,2022,2,23,February
,20220224,2022,2,24,February
,20220225,2022,2,25,February
,20220226,2022,2,26,February
,20220227,2022,2,27,February
,20220301,2022,3,1,March
,20220302,2022,3,2,March
,20220303,2022,3,3,March
,20220304,2022,3,4,March
,20220305,2022,3,5,March
,20220306,2022,3,6,March
,20220307,2022,3,7,March
,20220308,2022,3,8,March
,20220309,2022,3,9,March
,20220310,2022,3,10,March
,20220311,2022,3,11,March
,20220312,2022,3,12,March
,20220313,2022,3,13,March
,20220314,2022,3,14,March
,20220315,2022,3,15,March
,20220316,2022,3,16,March
,20220317,2022,3,17,March
,20220318,2022,3,18,March
,20220319,2022,3,19,March
